scraped_name;full_name;health_news_name;year;speciality;sub_speciality;experience;languages;city_state;patient_experience;url;journal;query
Zorbas, KA;KA Zorbas;unknown;2018;unknown;unknown;unknown;unknown;unknown;unknown;https://www.hpbonline.org/article/S1365-182X(18)30406-4/abstract;False;HPB;whipple procedure
Karachristos, A;A Karachristos;unknown;2018;unknown;unknown;unknown;unknown;unknown;unknown;https://www.hpbonline.org/article/S1365-182X(18)30406-4/abstract;False;HPB;whipple procedure
Karim, Sherko Abdullah Molah;Sherko Abdullah Molah Karim;unknown;2018;unknown;unknown;unknown;unknown;unknown;unknown;https://www.sciencedirect.com/science/article/pii/S174391911830520X;True;International Journal of Surgery;whipple procedure
Abdulla, Karzan Seerwan;Karzan Seerwan Abdulla;unknown;2018;unknown;unknown;unknown;unknown;unknown;unknown;https://www.sciencedirect.com/science/article/pii/S174391911830520X;True;International Journal of Surgery;whipple procedure
Abdulkarim, Qalandar Hussein;Qalandar Hussein Abdulkarim;unknown;2018;unknown;unknown;unknown;unknown;unknown;unknown;https://www.sciencedirect.com/science/article/pii/S174391911830520X;True;International Journal of Surgery;whipple procedure
Rahim, Fattah Hama;Fattah Hama Rahim;unknown;2018;unknown;unknown;unknown;unknown;unknown;unknown;https://www.sciencedirect.com/science/article/pii/S174391911830520X;True;International Journal of Surgery;whipple procedure
Dapri, Giovanni;Giovanni Dapri;unknown;2017;unknown;unknown;unknown;unknown;unknown;unknown;https://link.springer.com/article/10.1245/s10434-017-5944-x;True;Annals of surgical oncology;whipple procedure
Bascombe, Nigel Antonio;Nigel Antonio Bascombe;unknown;2017;unknown;unknown;unknown;unknown;unknown;unknown;https://link.springer.com/article/10.1245/s10434-017-5944-x;True;Annals of surgical oncology;whipple procedure
Gerard, Leonardo;Leonardo Gerard;unknown;2017;unknown;unknown;unknown;unknown;unknown;unknown;https://link.springer.com/article/10.1245/s10434-017-5944-x;True;Annals of surgical oncology;whipple procedure
Ballart, Carla Samaniego;Carla Samaniego Ballart;unknown;2017;unknown;unknown;unknown;unknown;unknown;unknown;https://link.springer.com/article/10.1245/s10434-017-5944-x;True;Annals of surgical oncology;whipple procedure
Vi{\~n}as, Carlos Gimenez;Carlos Gimenez Vi{\~n}as;unknown;2017;unknown;unknown;unknown;unknown;unknown;unknown;https://link.springer.com/article/10.1245/s10434-017-5944-x;True;Annals of surgical oncology;whipple procedure
Saussez, Sven;Sven Saussez;unknown;2017;unknown;unknown;unknown;unknown;unknown;unknown;https://link.springer.com/article/10.1245/s10434-017-5944-x;True;Annals of surgical oncology;whipple procedure
Beger, Hans G;Hans G Beger;unknown;2020;unknown;unknown;unknown;unknown;unknown;unknown;https://www.sciencedirect.com/science/article/pii/S1365182X20300034;True;HPB;whipple procedure
Mayer, Benjamin;Benjamin Mayer;unknown;2020;unknown;unknown;unknown;unknown;unknown;unknown;https://www.sciencedirect.com/science/article/pii/S1365182X20300034;True;HPB;whipple procedure
Poch, Bertram;Bertram Poch;unknown;2020;unknown;unknown;unknown;unknown;unknown;unknown;https://www.sciencedirect.com/science/article/pii/S1365182X20300034;True;HPB;whipple procedure
AlMistehi, Wael;Wael AlMistehi;unknown;2018;unknown;unknown;unknown;unknown;unknown;unknown;http://search.proquest.com/openview/b6875c927a178e68f2f474f5773ae02d/1?pq-origsite=gscholar&cbl=1896353;True;Endocrine Practice;whipple procedure
Almahfouz, Abdulraof;Abdulraof Almahfouz;unknown;2018;unknown;unknown;unknown;unknown;unknown;unknown;http://search.proquest.com/openview/b6875c927a178e68f2f474f5773ae02d/1?pq-origsite=gscholar&cbl=1896353;True;Endocrine Practice;whipple procedure
Wang, Jia-Wan;Jia-Wan Wang;unknown;2020;unknown;unknown;unknown;unknown;unknown;unknown;https://content.iospress.com/articles/clinical-hemorheology-and-microcirculation/ch190688;True;Clinical Hemorheology and Microcirculation;whipple procedure
Wu, An-Shi;An-Shi Wu;unknown;2020;unknown;unknown;unknown;unknown;unknown;unknown;https://content.iospress.com/articles/clinical-hemorheology-and-microcirculation/ch190688;True;Clinical Hemorheology and Microcirculation;whipple procedure
Yue, Yun;Yun Yue;unknown;2020;unknown;unknown;unknown;unknown;unknown;unknown;https://content.iospress.com/articles/clinical-hemorheology-and-microcirculation/ch190688;True;Clinical Hemorheology and Microcirculation;whipple procedure
Wu, Yan;Yan Wu;unknown;2020;unknown;unknown;unknown;unknown;unknown;unknown;https://content.iospress.com/articles/clinical-hemorheology-and-microcirculation/ch190688;True;Clinical Hemorheology and Microcirculation;whipple procedure
Magoga, Giulia;Giulia Magoga;unknown;2020;unknown;unknown;unknown;unknown;unknown;unknown;https://www.tandfonline.com/doi/abs/10.1080/14767058.2018.1488959;True;The Journal of Maternal-Fetal \& Neonatal Medicine;whipple procedure
Felder, Laura;Laura Felder;unknown;2020;unknown;unknown;unknown;unknown;unknown;unknown;https://www.tandfonline.com/doi/abs/10.1080/14767058.2018.1488959;True;The Journal of Maternal-Fetal \& Neonatal Medicine;whipple procedure
Palazzo, Francesco;Francesco Palazzo;unknown;2020;unknown;unknown;unknown;unknown;unknown;unknown;https://www.tandfonline.com/doi/abs/10.1080/14767058.2018.1488959;True;The Journal of Maternal-Fetal \& Neonatal Medicine;whipple procedure
Berghella, Vincenzo;Vincenzo Berghella;unknown;2020;unknown;unknown;unknown;unknown;unknown;unknown;https://www.tandfonline.com/doi/abs/10.1080/14767058.2018.1488959;True;The Journal of Maternal-Fetal \& Neonatal Medicine;whipple procedure
Zhang, Bin;Bin Zhang;unknown;2017;unknown;unknown;unknown;unknown;unknown;unknown;https://www.gastrojournal.org/article/S0016-5085(17)35477-X/abstract;True;Gastroenterology;whipple procedure
Yang, Xiao-jun;Xiao-jun Yang;unknown;2017;unknown;unknown;unknown;unknown;unknown;unknown;https://www.gastrojournal.org/article/S0016-5085(17)35477-X/abstract;True;Gastroenterology;whipple procedure
Qian, Zhu-yin;Zhu-yin Qian;unknown;2017;unknown;unknown;unknown;unknown;unknown;unknown;https://www.gastrojournal.org/article/S0016-5085(17)35477-X/abstract;True;Gastroenterology;whipple procedure
Lillemoe, Keith;Keith Lillemoe;unknown;2018;unknown;unknown;unknown;unknown;unknown;unknown;https://www.jomi.com/article/16/whipple-procedure-for-multiple-endocrine-neoplasia-of-the-pancreas;True;Journal of Medical Insight;whipple procedure
Loehrer, Andrew;Andrew Loehrer;unknown;2018;unknown;unknown;unknown;unknown;unknown;unknown;https://www.jomi.com/article/16/whipple-procedure-for-multiple-endocrine-neoplasia-of-the-pancreas;True;Journal of Medical Insight;whipple procedure
Nguyen, Adrienne;Adrienne Nguyen;unknown;2017;unknown;unknown;unknown;unknown;unknown;unknown;https://www.ingentaconnect.com/content/sesc/tas/2017/00000083/00000010/art00007;True;The American Surgeon;whipple procedure
Demirjian, Aram;Aram Demirjian;unknown;2017;unknown;unknown;unknown;unknown;unknown;unknown;https://www.ingentaconnect.com/content/sesc/tas/2017/00000083/00000010/art00007;True;The American Surgeon;whipple procedure
Yamamoto, Maki;Maki Yamamoto;unknown;2017;unknown;unknown;unknown;unknown;unknown;unknown;https://www.ingentaconnect.com/content/sesc/tas/2017/00000083/00000010/art00007;True;The American Surgeon;whipple procedure
Hollenbach, Kathryn;Kathryn Hollenbach;unknown;2017;unknown;unknown;unknown;unknown;unknown;unknown;https://www.ingentaconnect.com/content/sesc/tas/2017/00000083/00000010/art00007;True;The American Surgeon;whipple procedure
Imagawa, David K;David K Imagawa;unknown;2017;unknown;unknown;unknown;unknown;unknown;unknown;https://www.ingentaconnect.com/content/sesc/tas/2017/00000083/00000010/art00007;True;The American Surgeon;whipple procedure
Ko, Moses;Moses Ko;unknown;2017;unknown;unknown;unknown;unknown;unknown;unknown;http://search.proquest.com/openview/220d022f2d25dfe957fd5a2559a394fc/1?pq-origsite=gscholar&cbl=1896353;True;Endocrine Practice;whipple procedure
Quek, Timothy;Timothy Quek;unknown;2017;unknown;unknown;unknown;unknown;unknown;unknown;http://search.proquest.com/openview/220d022f2d25dfe957fd5a2559a394fc/1?pq-origsite=gscholar&cbl=1896353;True;Endocrine Practice;whipple procedure
Udhayachandhar, R;R Udhayachandhar;unknown;2020;unknown;unknown;unknown;unknown;unknown;unknown;http://www.ijaweb.org/article.asp?issn=0019-5049;year=2020;volume=64;issue=3;spage=216;epage=221;aulast=Udhayachandhar;False;Indian Journal of Anaesthesia;whipple procedure
Otokwala, J;J Otokwala;unknown;2020;unknown;unknown;unknown;unknown;unknown;unknown;http://www.ijaweb.org/article.asp?issn=0019-5049;year=2020;volume=64;issue=3;spage=216;epage=221;aulast=Udhayachandhar;False;Indian Journal of Anaesthesia;whipple procedure
Korula, Pritish J;Pritish J Korula;unknown;2020;unknown;unknown;unknown;unknown;unknown;unknown;http://www.ijaweb.org/article.asp?issn=0019-5049;year=2020;volume=64;issue=3;spage=216;epage=221;aulast=Udhayachandhar;True;Indian Journal of Anaesthesia;whipple procedure
Rymbai, Manbha;Manbha Rymbai;unknown;2020;unknown;unknown;unknown;unknown;unknown;unknown;http://www.ijaweb.org/article.asp?issn=0019-5049;year=2020;volume=64;issue=3;spage=216;epage=221;aulast=Udhayachandhar;True;Indian Journal of Anaesthesia;whipple procedure
Chandy, Tony T;Tony T Chandy;unknown;2020;unknown;unknown;unknown;unknown;unknown;unknown;http://www.ijaweb.org/article.asp?issn=0019-5049;year=2020;volume=64;issue=3;spage=216;epage=221;aulast=Udhayachandhar;True;Indian Journal of Anaesthesia;whipple procedure
Joseph, Philip;Philip Joseph;unknown;2020;unknown;unknown;unknown;unknown;unknown;unknown;http://www.ijaweb.org/article.asp?issn=0019-5049;year=2020;volume=64;issue=3;spage=216;epage=221;aulast=Udhayachandhar;True;Indian Journal of Anaesthesia;whipple procedure
Mehdorn, Matthias;Matthias Mehdorn;unknown;2016;unknown;unknown;unknown;unknown;unknown;unknown;https://bmcsurg.biomedcentral.com/articles/10.1186/s12893-016-0169-7;True;BMC surgery;whipple procedure
Petersen, Tim-Ole;Tim-Ole Petersen;unknown;2016;unknown;unknown;unknown;unknown;unknown;unknown;https://bmcsurg.biomedcentral.com/articles/10.1186/s12893-016-0169-7;True;BMC surgery;whipple procedure
Bartels, Michael;Michael Bartels;unknown;2016;unknown;unknown;unknown;unknown;unknown;unknown;https://bmcsurg.biomedcentral.com/articles/10.1186/s12893-016-0169-7;True;BMC surgery;whipple procedure
Jansen-Winkeln, Boris;Boris Jansen-Winkeln;unknown;2016;unknown;unknown;unknown;unknown;unknown;unknown;https://bmcsurg.biomedcentral.com/articles/10.1186/s12893-016-0169-7;True;BMC surgery;whipple procedure
Kassahun, Woubet Tefera;Woubet Tefera Kassahun;unknown;2016;unknown;unknown;unknown;unknown;unknown;unknown;https://bmcsurg.biomedcentral.com/articles/10.1186/s12893-016-0169-7;True;BMC surgery;whipple procedure
Emekli, Emre;Emre Emekli;unknown;2020;unknown;unknown;unknown;unknown;unknown;unknown;https://ruj.uj.edu.pl/xmlui/handle/item/151641;True;Polish Journal of Radiology;whipple procedure
G{\"u}ndo{\u{g}}du, Elif;Elif G{\"u}ndo{\u{g}}du;unknown;2020;unknown;unknown;unknown;unknown;unknown;unknown;https://ruj.uj.edu.pl/xmlui/handle/item/151641;True;Polish Journal of Radiology;whipple procedure
Brown, Tommy A;Tommy A Brown;unknown;2018;unknown;unknown;unknown;unknown;unknown;unknown;https://www.journalacs.org/article/S1072-7515(18)31761-7/abstract;True;Journal of the American College of Surgeons;whipple procedure
Brown, Jonathan E;Jonathan E Brown;unknown;2018;unknown;unknown;unknown;unknown;unknown;unknown;https://www.journalacs.org/article/S1072-7515(18)31761-7/abstract;True;Journal of the American College of Surgeons;whipple procedure
Britton, Briana;Briana Britton;unknown;2018;unknown;unknown;unknown;unknown;unknown;unknown;https://www.journalacs.org/article/S1072-7515(18)31761-7/abstract;True;Journal of the American College of Surgeons;whipple procedure
Caldon, Toni L;Toni L Caldon;unknown;2018;unknown;unknown;unknown;unknown;unknown;unknown;https://www.journalacs.org/article/S1072-7515(18)31761-7/abstract;True;Journal of the American College of Surgeons;whipple procedure
Dalla Valle, Raffaele;Raffaele Dalla Valle;unknown;2018;unknown;unknown;unknown;unknown;unknown;unknown;https://link.springer.com/article/10.1007/s13304-018-0513-9;True;Updates in surgery;whipple procedure
Rossini, Matteo;Matteo Rossini;unknown;2018;unknown;unknown;unknown;unknown;unknown;unknown;https://link.springer.com/article/10.1007/s13304-018-0513-9;True;Updates in surgery;whipple procedure
Lamecchi, Laura;Laura Lamecchi;unknown;2018;unknown;unknown;unknown;unknown;unknown;unknown;https://link.springer.com/article/10.1007/s13304-018-0513-9;True;Updates in surgery;whipple procedure
Iaria, Maurizio;Maurizio Iaria;unknown;2018;unknown;unknown;unknown;unknown;unknown;unknown;https://link.springer.com/article/10.1007/s13304-018-0513-9;True;Updates in surgery;whipple procedure
Raza Sayyed, Iffat Rehman;Iffat Rehman Raza Sayyed;unknown;2016;unknown;unknown;unknown;unknown;unknown;unknown;https://www.researchgate.net/profile/Raza_Sayyed/publication/304860759_Resection-Reconstruction_of_Aberrant_Right_Hepatic_Artery_During_Whipple_Procedure_Pancreaticoduodenectomy/links/5788f2e608ae5c86c99ac961.pdf;True;unknown;whipple procedure
Niazi, Imran Khalid;Imran Khalid Niazi;unknown;2016;unknown;unknown;unknown;unknown;unknown;unknown;https://www.researchgate.net/profile/Raza_Sayyed/publication/304860759_Resection-Reconstruction_of_Aberrant_Right_Hepatic_Artery_During_Whipple_Procedure_Pancreaticoduodenectomy/links/5788f2e608ae5c86c99ac961.pdf;True;unknown;whipple procedure
Yusuf, Muhammed Aasim;Muhammed Aasim Yusuf;unknown;2016;unknown;unknown;unknown;unknown;unknown;unknown;https://www.researchgate.net/profile/Raza_Sayyed/publication/304860759_Resection-Reconstruction_of_Aberrant_Right_Hepatic_Artery_During_Whipple_Procedure_Pancreaticoduodenectomy/links/5788f2e608ae5c86c99ac961.pdf;True;unknown;whipple procedure
Syed, Aamir Ali;Aamir Ali Syed;unknown;2016;unknown;unknown;unknown;unknown;unknown;unknown;https://www.researchgate.net/profile/Raza_Sayyed/publication/304860759_Resection-Reconstruction_of_Aberrant_Right_Hepatic_Artery_During_Whipple_Procedure_Pancreaticoduodenectomy/links/5788f2e608ae5c86c99ac961.pdf;True;unknown;whipple procedure
Hanif, Faisal;Faisal Hanif;unknown;2016;unknown;unknown;unknown;unknown;unknown;unknown;https://www.researchgate.net/profile/Raza_Sayyed/publication/304860759_Resection-Reconstruction_of_Aberrant_Right_Hepatic_Artery_During_Whipple_Procedure_Pancreaticoduodenectomy/links/5788f2e608ae5c86c99ac961.pdf;True;unknown;whipple procedure
Manesis, Konstantinos;Konstantinos Manesis;unknown;2018;unknown;unknown;unknown;unknown;unknown;unknown;https://www.sciencedirect.com/science/article/pii/S2210261218303341;True;International journal of surgery case reports;whipple procedure
Nikou, Efstathios;Efstathios Nikou;unknown;2018;unknown;unknown;unknown;unknown;unknown;unknown;https://www.sciencedirect.com/science/article/pii/S2210261218303341;True;International journal of surgery case reports;whipple procedure
Zaravinos, Spiridon;Spiridon Zaravinos;unknown;2018;unknown;unknown;unknown;unknown;unknown;unknown;https://www.sciencedirect.com/science/article/pii/S2210261218303341;True;International journal of surgery case reports;whipple procedure
Bouboulis, Petros;Petros Bouboulis;unknown;2018;unknown;unknown;unknown;unknown;unknown;unknown;https://www.sciencedirect.com/science/article/pii/S2210261218303341;True;International journal of surgery case reports;whipple procedure
Oikonomou, Christianna;Christianna Oikonomou;unknown;2018;unknown;unknown;unknown;unknown;unknown;unknown;https://www.sciencedirect.com/science/article/pii/S2210261218303341;True;International journal of surgery case reports;whipple procedure
Kalliouris, Dimitrios N;Dimitrios N Kalliouris;unknown;2018;unknown;unknown;unknown;unknown;unknown;unknown;https://www.sciencedirect.com/science/article/pii/S2210261218303341;True;International journal of surgery case reports;whipple procedure
Filippou, Dimitrios;Dimitrios Filippou;unknown;2018;unknown;unknown;unknown;unknown;unknown;unknown;https://www.sciencedirect.com/science/article/pii/S2210261218303341;True;International journal of surgery case reports;whipple procedure
Skandalakis, Panagiotis;Panagiotis Skandalakis;unknown;2018;unknown;unknown;unknown;unknown;unknown;unknown;https://www.sciencedirect.com/science/article/pii/S2210261218303341;True;International journal of surgery case reports;whipple procedure
Alkattan, Ammar;Ammar Alkattan;unknown;2018;unknown;unknown;unknown;unknown;unknown;unknown;https://pdfs.semanticscholar.org/2438/06f15af392c31e47d3e98ff4a45d98b9c383.pdf;True;EC Gastroenterology and Digestive System;whipple procedure
Oca{\~n}a, J Jim{\'e}nez;J Jim{\'e}nez Oca{\~n}a;unknown;2019;unknown;unknown;unknown;unknown;unknown;unknown;https://europepmc.org/abstract/med/31257898;True;Revista espanola de enfermedades digestivas: organo oficial de la Sociedad Espanola de Patologia Digestiva;whipple procedure
L{\'o}pez, A Buenadicha;A Buenadicha L{\'o}pez;unknown;2019;unknown;unknown;unknown;unknown;unknown;unknown;https://europepmc.org/abstract/med/31257898;True;Revista espanola de enfermedades digestivas: organo oficial de la Sociedad Espanola de Patologia Digestiva;whipple procedure
Nu{\~n}o, J V{\'a}zquez-Garza;J V{\'a}zquez-Garza Nu{\~n}o;unknown;2019;unknown;unknown;unknown;unknown;unknown;unknown;https://europepmc.org/abstract/med/31257898;True;Revista espanola de enfermedades digestivas: organo oficial de la Sociedad Espanola de Patologia Digestiva;whipple procedure
Rosado, Ismael Dominguez;Ismael Dominguez Rosado;unknown;2017;unknown;unknown;unknown;unknown;unknown;unknown;https://link.springer.com/article/10.1007/s11605-016-3325-6;True;Journal of Gastrointestinal Surgery;whipple procedure
Bhalla, Sanjeev;Sanjeev Bhalla;unknown;2017;unknown;unknown;unknown;unknown;unknown;unknown;https://link.springer.com/article/10.1007/s11605-016-3325-6;True;Journal of Gastrointestinal Surgery;whipple procedure
Sanchez, Luis A;Luis A Sanchez;unknown;2017;unknown;unknown;unknown;unknown;unknown;unknown;https://link.springer.com/article/10.1007/s11605-016-3325-6;True;Journal of Gastrointestinal Surgery;whipple procedure
Fields, Ryan C;Ryan C Fields;unknown;2017;unknown;unknown;unknown;unknown;unknown;unknown;https://link.springer.com/article/10.1007/s11605-016-3325-6;True;Journal of Gastrointestinal Surgery;whipple procedure
Hawkins, William G;William G Hawkins;unknown;2017;unknown;unknown;unknown;unknown;unknown;unknown;https://link.springer.com/article/10.1007/s11605-016-3325-6;True;Journal of Gastrointestinal Surgery;whipple procedure
Strasberg, Steven M;Steven M Strasberg;unknown;2017;unknown;unknown;unknown;unknown;unknown;unknown;https://link.springer.com/article/10.1007/s11605-016-3325-6;True;Journal of Gastrointestinal Surgery;whipple procedure
Goldstein, Jordan;Jordan Goldstein;unknown;2019;unknown;unknown;unknown;unknown;unknown;unknown;https://www.postersessiononline.eu/173580348_eu/congresos/ILC2019/aula/-THU_307_ILC2019.pdf;True;Age (median);whipple procedure
Scheinberg, Andrew R;Andrew R Scheinberg;unknown;2019;unknown;unknown;unknown;unknown;unknown;unknown;https://www.postersessiononline.eu/173580348_eu/congresos/ILC2019/aula/-THU_307_ILC2019.pdf;True;Age (median);whipple procedure
Stover, Bryan J;Bryan J Stover;unknown;2019;unknown;unknown;unknown;unknown;unknown;unknown;https://www.postersessiononline.eu/173580348_eu/congresos/ILC2019/aula/-THU_307_ILC2019.pdf;True;Age (median);whipple procedure
To, David;David To;unknown;2019;unknown;unknown;unknown;unknown;unknown;unknown;https://www.postersessiononline.eu/173580348_eu/congresos/ILC2019/aula/-THU_307_ILC2019.pdf;True;Age (median);whipple procedure
Corey, Kathleen E;Kathleen E Corey;unknown;2019;unknown;unknown;unknown;unknown;unknown;unknown;https://www.postersessiononline.eu/173580348_eu/congresos/ILC2019/aula/-THU_307_ILC2019.pdf;True;Age (median);whipple procedure
Levy, Cynthia;Cynthia Levy;unknown;2019;unknown;unknown;unknown;unknown;unknown;unknown;https://www.postersessiononline.eu/173580348_eu/congresos/ILC2019/aula/-THU_307_ILC2019.pdf;True;Age (median);whipple procedure
Pinchot, Scott N;Scott N Pinchot;unknown;2016;unknown;unknown;unknown;unknown;unknown;unknown;https://link.springer.com/chapter/10.1007/978-3-319-24557-7_38;True;unknown;whipple procedure
Weber, Sharon M;Sharon M Weber;unknown;2016;unknown;unknown;unknown;unknown;unknown;unknown;https://link.springer.com/chapter/10.1007/978-3-319-24557-7_38;True;unknown;whipple procedure
Munis, Assad;Assad Munis;unknown;2018;unknown;unknown;unknown;unknown;unknown;unknown;https://www.ncbi.nlm.nih.gov/pmc/articles/PMC6160612/;True;ACG case reports journal;whipple procedure
Solomon, Brad;Brad Solomon;unknown;2018;unknown;unknown;unknown;unknown;unknown;unknown;https://www.ncbi.nlm.nih.gov/pmc/articles/PMC6160612/;True;ACG case reports journal;whipple procedure
Mazulis, Andrew;Andrew Mazulis;unknown;2018;unknown;unknown;unknown;unknown;unknown;unknown;https://www.ncbi.nlm.nih.gov/pmc/articles/PMC6160612/;True;ACG case reports journal;whipple procedure
Laurie, Timothy;Timothy Laurie;unknown;2018;unknown;unknown;unknown;unknown;unknown;unknown;https://www.ncbi.nlm.nih.gov/pmc/articles/PMC6160612/;True;ACG case reports journal;whipple procedure
Rajab, Amer;Amer Rajab;unknown;2018;unknown;unknown;unknown;unknown;unknown;unknown;https://journals.lww.com/ajg/Fulltext/2018/10001/Total_Pancreatectomy_and_Islet_Autotransplantation.83.aspx;True;American Journal of Gastroenterology;whipple procedure
Buss, Jill;Jill Buss;unknown;2018;unknown;unknown;unknown;unknown;unknown;unknown;https://journals.lww.com/ajg/Fulltext/2018/10001/Total_Pancreatectomy_and_Islet_Autotransplantation.83.aspx;True;American Journal of Gastroenterology;whipple procedure
Lara, Luis F;Luis F Lara;unknown;2018;unknown;unknown;unknown;unknown;unknown;unknown;https://journals.lww.com/ajg/Fulltext/2018/10001/Total_Pancreatectomy_and_Islet_Autotransplantation.83.aspx;True;American Journal of Gastroenterology;whipple procedure
Hart, Phil;Phil Hart;unknown;2018;unknown;unknown;unknown;unknown;unknown;unknown;https://journals.lww.com/ajg/Fulltext/2018/10001/Total_Pancreatectomy_and_Islet_Autotransplantation.83.aspx;True;American Journal of Gastroenterology;whipple procedure
Conwell, Darwin;Darwin Conwell;unknown;2018;unknown;unknown;unknown;unknown;unknown;unknown;https://journals.lww.com/ajg/Fulltext/2018/10001/Total_Pancreatectomy_and_Islet_Autotransplantation.83.aspx;True;American Journal of Gastroenterology;whipple procedure
Meng, Shumei;Shumei Meng;unknown;2018;unknown;unknown;unknown;unknown;unknown;unknown;https://journals.lww.com/ajg/Fulltext/2018/10001/Total_Pancreatectomy_and_Islet_Autotransplantation.83.aspx;True;American Journal of Gastroenterology;whipple procedure
Black, Sylvester;Sylvester Black;unknown;2018;unknown;unknown;unknown;unknown;unknown;unknown;https://journals.lww.com/ajg/Fulltext/2018/10001/Total_Pancreatectomy_and_Islet_Autotransplantation.83.aspx;True;American Journal of Gastroenterology;whipple procedure
Washburn, Ken;Ken Washburn;unknown;2018;unknown;unknown;unknown;unknown;unknown;unknown;https://journals.lww.com/ajg/Fulltext/2018/10001/Total_Pancreatectomy_and_Islet_Autotransplantation.83.aspx;True;American Journal of Gastroenterology;whipple procedure
Zorrilla, L;L Zorrilla;unknown;2018;unknown;unknown;unknown;unknown;unknown;unknown;https://www.hpbonline.org/article/S1365-182X(18)30114-X/abstract;False;HPB;whipple procedure
Rosales, A;A Rosales;unknown;2018;unknown;unknown;unknown;unknown;unknown;unknown;https://www.hpbonline.org/article/S1365-182X(18)30114-X/abstract;False;HPB;whipple procedure
Cracco, A;A Cracco;unknown;2018;unknown;unknown;unknown;unknown;unknown;unknown;https://www.hpbonline.org/article/S1365-182X(18)30114-X/abstract;False;HPB;whipple procedure
Simpfendorfer, CH;CH Simpfendorfer;unknown;2018;unknown;unknown;unknown;unknown;unknown;unknown;https://www.hpbonline.org/article/S1365-182X(18)30114-X/abstract;False;HPB;whipple procedure
Dilek, Osman Nuri;Osman Nuri Dilek;unknown;2018;unknown;unknown;unknown;unknown;unknown;unknown;https://pdfs.semanticscholar.org/b848/efe6e8f7acd296a4deedcd871e9cba7719c4.pdf;True;unknown;whipple procedure
{\"O}z{\c{s}}ay, O{\u{g}}uzhan;O{\u{g}}uzhan {\"O}z{\c{s}}ay;unknown;2018;unknown;unknown;unknown;unknown;unknown;unknown;https://pdfs.semanticscholar.org/b848/efe6e8f7acd296a4deedcd871e9cba7719c4.pdf;True;unknown;whipple procedure
Acar, Turan;Turan Acar;unknown;2018;unknown;unknown;unknown;unknown;unknown;unknown;https://pdfs.semanticscholar.org/b848/efe6e8f7acd296a4deedcd871e9cba7719c4.pdf;True;unknown;whipple procedure
G{\"u}r, Emine {\"O}zlem;Emine {\"O}zlem G{\"u}r;unknown;2018;unknown;unknown;unknown;unknown;unknown;unknown;https://pdfs.semanticscholar.org/b848/efe6e8f7acd296a4deedcd871e9cba7719c4.pdf;True;unknown;whipple procedure
{\c{C}}elik, Salih Can;Salih Can {\c{C}}elik;unknown;2018;unknown;unknown;unknown;unknown;unknown;unknown;https://pdfs.semanticscholar.org/b848/efe6e8f7acd296a4deedcd871e9cba7719c4.pdf;True;unknown;whipple procedure
Cengiz, Fevzi;Fevzi Cengiz;unknown;2018;unknown;unknown;unknown;unknown;unknown;unknown;https://pdfs.semanticscholar.org/b848/efe6e8f7acd296a4deedcd871e9cba7719c4.pdf;True;unknown;whipple procedure
Cin, Nejat;Nejat Cin;unknown;2018;unknown;unknown;unknown;unknown;unknown;unknown;https://pdfs.semanticscholar.org/b848/efe6e8f7acd296a4deedcd871e9cba7719c4.pdf;True;unknown;whipple procedure
Hac{\i}yanl{\i}, Mehmet;Mehmet Hac{\i}yanl{\i};unknown;2018;unknown;unknown;unknown;unknown;unknown;unknown;https://pdfs.semanticscholar.org/b848/efe6e8f7acd296a4deedcd871e9cba7719c4.pdf;True;unknown;whipple procedure
Yun, Regina;Regina Yun;unknown;2018;unknown;unknown;unknown;unknown;unknown;unknown;https://cdn.journals.lww.com/ccmjournal/Fulltext/2018/01001/440__CONSEQUENCES_OF_POSTOPERATIVE_HYPERGLYCEMIA.406.aspx?Ppt=Article|ccmjournal:2018:01001:00406||;True;Critical Care Medicine;whipple procedure
Javed, Ammar;Ammar Javed;unknown;2018;unknown;unknown;unknown;unknown;unknown;unknown;https://cdn.journals.lww.com/ccmjournal/Fulltext/2018/01001/440__CONSEQUENCES_OF_POSTOPERATIVE_HYPERGLYCEMIA.406.aspx?Ppt=Article|ccmjournal:2018:01001:00406||;True;Critical Care Medicine;whipple procedure
Jarrell, Andrew;Andrew Jarrell;unknown;2018;unknown;unknown;unknown;unknown;unknown;unknown;https://cdn.journals.lww.com/ccmjournal/Fulltext/2018/01001/440__CONSEQUENCES_OF_POSTOPERATIVE_HYPERGLYCEMIA.406.aspx?Ppt=Article|ccmjournal:2018:01001:00406||;True;Critical Care Medicine;whipple procedure
Crow, Jessica;Jessica Crow;unknown;2018;unknown;unknown;unknown;unknown;unknown;unknown;https://cdn.journals.lww.com/ccmjournal/Fulltext/2018/01001/440__CONSEQUENCES_OF_POSTOPERATIVE_HYPERGLYCEMIA.406.aspx?Ppt=Article|ccmjournal:2018:01001:00406||;True;Critical Care Medicine;whipple procedure
Michael, J Wright;J Wright Michael;unknown;2018;unknown;unknown;unknown;unknown;unknown;unknown;https://cdn.journals.lww.com/ccmjournal/Fulltext/2018/01001/440__CONSEQUENCES_OF_POSTOPERATIVE_HYPERGLYCEMIA.406.aspx?Ppt=Article|ccmjournal:2018:01001:00406||;True;Critical Care Medicine;whipple procedure
Burkhart, Richard;Richard Burkhart;unknown;2018;unknown;unknown;unknown;unknown;unknown;unknown;https://cdn.journals.lww.com/ccmjournal/Fulltext/2018/01001/440__CONSEQUENCES_OF_POSTOPERATIVE_HYPERGLYCEMIA.406.aspx?Ppt=Article|ccmjournal:2018:01001:00406||;True;Critical Care Medicine;whipple procedure
Rybny, Joseph;Joseph Rybny;unknown;2018;unknown;unknown;unknown;unknown;unknown;unknown;https://cdn.journals.lww.com/ccmjournal/Fulltext/2018/01001/440__CONSEQUENCES_OF_POSTOPERATIVE_HYPERGLYCEMIA.406.aspx?Ppt=Article|ccmjournal:2018:01001:00406||;True;Critical Care Medicine;whipple procedure
Wolfgang, Christopher;Christopher Wolfgang;unknown;2018;unknown;unknown;unknown;unknown;unknown;unknown;https://cdn.journals.lww.com/ccmjournal/Fulltext/2018/01001/440__CONSEQUENCES_OF_POSTOPERATIVE_HYPERGLYCEMIA.406.aspx?Ppt=Article|ccmjournal:2018:01001:00406||;True;Critical Care Medicine;whipple procedure
Kruer, Rachel;Rachel Kruer;unknown;2018;unknown;unknown;unknown;unknown;unknown;unknown;https://cdn.journals.lww.com/ccmjournal/Fulltext/2018/01001/440__CONSEQUENCES_OF_POSTOPERATIVE_HYPERGLYCEMIA.406.aspx?Ppt=Article|ccmjournal:2018:01001:00406||;True;Critical Care Medicine;whipple procedure
Cho, EE;EE Cho;unknown;2019;unknown;unknown;unknown;unknown;unknown;unknown;https://www.hpbonline.org/article/S1365-182X(19)30457-5/abstract;False;HPB;whipple procedure
Kurtz, J;J Kurtz;unknown;2019;unknown;unknown;unknown;unknown;unknown;unknown;https://www.hpbonline.org/article/S1365-182X(19)30457-5/abstract;False;HPB;whipple procedure
Borscheidt, R;R Borscheidt;unknown;2019;unknown;unknown;unknown;unknown;unknown;unknown;https://www.hpbonline.org/article/S1365-182X(19)30457-5/abstract;False;HPB;whipple procedure
Osman, H;H Osman;unknown;2019;unknown;unknown;unknown;unknown;unknown;unknown;https://www.hpbonline.org/article/S1365-182X(19)30457-5/abstract;False;HPB;whipple procedure
Jeyarajah, RD;RD Jeyarajah;unknown;2019;unknown;unknown;unknown;unknown;unknown;unknown;https://www.hpbonline.org/article/S1365-182X(19)30457-5/abstract;False;HPB;whipple procedure
Ariyarathna, HTDW;HTDW Ariyarathna;unknown;2019;unknown;unknown;unknown;unknown;unknown;unknown;https://pdfs.semanticscholar.org/c08f/f51ff7fbda1180181b2c90cced6c01c40f4d.pdf;True;Forensic Res Criminol Int J;whipple procedure
Hulathduwa, SR;SR Hulathduwa;unknown;2019;unknown;unknown;unknown;unknown;unknown;unknown;https://pdfs.semanticscholar.org/c08f/f51ff7fbda1180181b2c90cced6c01c40f4d.pdf;False;Forensic Res Criminol Int J;whipple procedure
AbdelRazek, Mahmoud;Mahmoud AbdelRazek;unknown;2018;unknown;unknown;unknown;unknown;unknown;unknown;https://www.ncbi.nlm.nih.gov/pmc/articles/PMC5882004/;True;The Neurohospitalist;whipple procedure
Han, Crystal;Crystal Han;unknown;2018;unknown;unknown;unknown;unknown;unknown;unknown;https://www.ncbi.nlm.nih.gov/pmc/articles/PMC5882004/;True;The Neurohospitalist;whipple procedure
Albrecht, Amanda;Amanda Albrecht;unknown;2018;unknown;unknown;unknown;unknown;unknown;unknown;https://www.ncbi.nlm.nih.gov/pmc/articles/PMC5882004/;True;The Neurohospitalist;whipple procedure
Elsadek, Lobna;Lobna Elsadek;unknown;2018;unknown;unknown;unknown;unknown;unknown;unknown;https://www.ncbi.nlm.nih.gov/pmc/articles/PMC5882004/;True;The Neurohospitalist;whipple procedure
Yadollahikhales, Golnaz;Golnaz Yadollahikhales;unknown;2018;unknown;unknown;unknown;unknown;unknown;unknown;https://www.ncbi.nlm.nih.gov/pmc/articles/PMC5882004/;True;The Neurohospitalist;whipple procedure
Elsadek, Rabab;Rabab Elsadek;unknown;2018;unknown;unknown;unknown;unknown;unknown;unknown;https://www.ncbi.nlm.nih.gov/pmc/articles/PMC5882004/;True;The Neurohospitalist;whipple procedure
Bauer, Tyler M;Tyler M Bauer;unknown;2018;unknown;unknown;unknown;unknown;unknown;unknown;https://www.liebertpub.com/doi/abs/10.1089/pancan.2018.0015;True;Journal of pancreatic cancer;whipple procedure
Dhir, Teena;Teena Dhir;unknown;2018;unknown;unknown;unknown;unknown;unknown;unknown;https://www.liebertpub.com/doi/abs/10.1089/pancan.2018.0015;True;Journal of pancreatic cancer;whipple procedure
Strickland, Adam;Adam Strickland;unknown;2018;unknown;unknown;unknown;unknown;unknown;unknown;https://www.liebertpub.com/doi/abs/10.1089/pancan.2018.0015;True;Journal of pancreatic cancer;whipple procedure
Thomsett, Henry;Henry Thomsett;unknown;2018;unknown;unknown;unknown;unknown;unknown;unknown;https://www.liebertpub.com/doi/abs/10.1089/pancan.2018.0015;True;Journal of pancreatic cancer;whipple procedure
Goetz, Austin B;Austin B Goetz;unknown;2018;unknown;unknown;unknown;unknown;unknown;unknown;https://www.liebertpub.com/doi/abs/10.1089/pancan.2018.0015;True;Journal of pancreatic cancer;whipple procedure
Cannaday, Shawnna;Shawnna Cannaday;unknown;2018;unknown;unknown;unknown;unknown;unknown;unknown;https://www.liebertpub.com/doi/abs/10.1089/pancan.2018.0015;True;Journal of pancreatic cancer;whipple procedure
Brody, Jonathan R;Jonathan R Brody;unknown;2018;unknown;unknown;unknown;unknown;unknown;unknown;https://www.liebertpub.com/doi/abs/10.1089/pancan.2018.0015;True;Journal of pancreatic cancer;whipple procedure
Pishvaian, Michael J;Michael J Pishvaian;unknown;2018;unknown;unknown;unknown;unknown;unknown;unknown;https://www.liebertpub.com/doi/abs/10.1089/pancan.2018.0015;True;Journal of pancreatic cancer;whipple procedure
Yeo, Charles J;Charles J Yeo;unknown;2018;unknown;unknown;unknown;unknown;unknown;unknown;https://www.liebertpub.com/doi/abs/10.1089/pancan.2018.0015;True;Journal of pancreatic cancer;whipple procedure
Han, Ga Jin;Ga Jin Han;unknown;2018;unknown;unknown;unknown;unknown;unknown;unknown;https://synapse.koreamed.org/DOIx.php?id=10.3348/kjr.2018.19.2.284;True;Korean journal of radiology;whipple procedure
Kim, Suk;Suk Kim;unknown;2018;unknown;unknown;unknown;unknown;unknown;unknown;https://synapse.koreamed.org/DOIx.php?id=10.3348/kjr.2018.19.2.284;True;Korean journal of radiology;whipple procedure
Lee, Nam Kyung;Nam Kyung Lee;unknown;2018;unknown;unknown;unknown;unknown;unknown;unknown;https://synapse.koreamed.org/DOIx.php?id=10.3348/kjr.2018.19.2.284;True;Korean journal of radiology;whipple procedure
Kim, Chang Won;Chang Won Kim;unknown;2018;unknown;unknown;unknown;unknown;unknown;unknown;https://synapse.koreamed.org/DOIx.php?id=10.3348/kjr.2018.19.2.284;True;Korean journal of radiology;whipple procedure
Seo, Hyeong Il;Hyeong Il Seo;unknown;2018;unknown;unknown;unknown;unknown;unknown;unknown;https://synapse.koreamed.org/DOIx.php?id=10.3348/kjr.2018.19.2.284;True;Korean journal of radiology;whipple procedure
Kim, Hyun Sung;Hyun Sung Kim;unknown;2018;unknown;unknown;unknown;unknown;unknown;unknown;https://synapse.koreamed.org/DOIx.php?id=10.3348/kjr.2018.19.2.284;True;Korean journal of radiology;whipple procedure
Kim, Tae Un;Tae Un Kim;unknown;2018;unknown;unknown;unknown;unknown;unknown;unknown;https://synapse.koreamed.org/DOIx.php?id=10.3348/kjr.2018.19.2.284;True;Korean journal of radiology;whipple procedure
Takahashi, Edwin A;Edwin A Takahashi;unknown;2019;unknown;unknown;unknown;unknown;unknown;unknown;https://www.sciencedirect.com/science/article/pii/S0899707118302894;True;Clinical imaging;whipple procedure
Andrews, James C;James C Andrews;unknown;2019;unknown;unknown;unknown;unknown;unknown;unknown;https://www.sciencedirect.com/science/article/pii/S0899707118302894;True;Clinical imaging;whipple procedure
Harima, Hirofumi;Hirofumi Harima;unknown;2018;unknown;unknown;unknown;unknown;unknown;unknown;https://www.ncbi.nlm.nih.gov/pmc/articles/PMC6283764/;True;Clinical endoscopy;whipple procedure
Hamabe, Kouichi;Kouichi Hamabe;unknown;2018;unknown;unknown;unknown;unknown;unknown;unknown;https://www.ncbi.nlm.nih.gov/pmc/articles/PMC6283764/;True;Clinical endoscopy;whipple procedure
Hisano, Fusako;Fusako Hisano;unknown;2018;unknown;unknown;unknown;unknown;unknown;unknown;https://www.ncbi.nlm.nih.gov/pmc/articles/PMC6283764/;True;Clinical endoscopy;whipple procedure
Matsuzaki, Yuko;Yuko Matsuzaki;unknown;2018;unknown;unknown;unknown;unknown;unknown;unknown;https://www.ncbi.nlm.nih.gov/pmc/articles/PMC6283764/;True;Clinical endoscopy;whipple procedure
Itoh, Tadahiko;Tadahiko Itoh;unknown;2018;unknown;unknown;unknown;unknown;unknown;unknown;https://www.ncbi.nlm.nih.gov/pmc/articles/PMC6283764/;True;Clinical endoscopy;whipple procedure
Sanuki, Kazutoshi;Kazutoshi Sanuki;unknown;2018;unknown;unknown;unknown;unknown;unknown;unknown;https://www.ncbi.nlm.nih.gov/pmc/articles/PMC6283764/;True;Clinical endoscopy;whipple procedure
Sakaida, Isao;Isao Sakaida;unknown;2018;unknown;unknown;unknown;unknown;unknown;unknown;https://www.ncbi.nlm.nih.gov/pmc/articles/PMC6283764/;True;Clinical endoscopy;whipple procedure
Reyes, Hector Mauricio Serrano;Hector Mauricio Serrano Reyes;unknown;2019;unknown;unknown;unknown;unknown;unknown;unknown;https://pdfs.semanticscholar.org/ea25/7c3c78ab520eccde16d353d605c60c315533.pdf;True;of;whipple procedure
Alameddin, Mansuor Chaer;Mansuor Chaer Alameddin;unknown;2019;unknown;unknown;unknown;unknown;unknown;unknown;https://pdfs.semanticscholar.org/ea25/7c3c78ab520eccde16d353d605c60c315533.pdf;True;of;whipple procedure
de Saboya David, Claudio;Claudio de Saboya David;unknown;2019;unknown;unknown;unknown;unknown;unknown;unknown;https://pdfs.semanticscholar.org/ea25/7c3c78ab520eccde16d353d605c60c315533.pdf;True;of;whipple procedure
Loures, Paulo;Paulo Loures;unknown;2019;unknown;unknown;unknown;unknown;unknown;unknown;https://pdfs.semanticscholar.org/ea25/7c3c78ab520eccde16d353d605c60c315533.pdf;True;of;whipple procedure
Zorbas, Konstantinos A;Konstantinos A Zorbas;unknown;2017;unknown;unknown;unknown;unknown;unknown;unknown;https://www.hpbonline.org/article/S1365-182X(17)30423-9/abstract;True;HPB;whipple procedure
Karachristos, Andreas;Andreas Karachristos;unknown;2017;unknown;unknown;unknown;unknown;unknown;unknown;https://www.hpbonline.org/article/S1365-182X(17)30423-9/abstract;True;HPB;whipple procedure
Sinha, Amitasha;Amitasha Sinha;unknown;2016;unknown;unknown;unknown;unknown;unknown;unknown;https://link.springer.com/article/10.1007/s11605-016-3081-7;True;Journal of Gastrointestinal Surgery;whipple procedure
Patel, Yuval A;Yuval A Patel;unknown;2016;unknown;unknown;unknown;unknown;unknown;unknown;https://link.springer.com/article/10.1007/s11605-016-3081-7;True;Journal of Gastrointestinal Surgery;whipple procedure
Cruise, Michael;Michael Cruise;unknown;2016;unknown;unknown;unknown;unknown;unknown;unknown;https://link.springer.com/article/10.1007/s11605-016-3081-7;True;Journal of Gastrointestinal Surgery;whipple procedure
Matsukuma, Karen;Karen Matsukuma;unknown;2016;unknown;unknown;unknown;unknown;unknown;unknown;https://link.springer.com/article/10.1007/s11605-016-3081-7;True;Journal of Gastrointestinal Surgery;whipple procedure
Zaheer, Atif;Atif Zaheer;unknown;2016;unknown;unknown;unknown;unknown;unknown;unknown;https://link.springer.com/article/10.1007/s11605-016-3081-7;True;Journal of Gastrointestinal Surgery;whipple procedure
Afghani, Elham;Elham Afghani;unknown;2016;unknown;unknown;unknown;unknown;unknown;unknown;https://link.springer.com/article/10.1007/s11605-016-3081-7;True;Journal of Gastrointestinal Surgery;whipple procedure
Yadav, Dhiraj;Dhiraj Yadav;unknown;2016;unknown;unknown;unknown;unknown;unknown;unknown;https://link.springer.com/article/10.1007/s11605-016-3081-7;True;Journal of Gastrointestinal Surgery;whipple procedure
Makary, Martin A;Martin A Makary;unknown;2016;unknown;unknown;unknown;unknown;unknown;unknown;https://link.springer.com/article/10.1007/s11605-016-3081-7;True;Journal of Gastrointestinal Surgery;whipple procedure
Hirose, Kenzo;Kenzo Hirose;unknown;2016;unknown;unknown;unknown;unknown;unknown;unknown;https://link.springer.com/article/10.1007/s11605-016-3081-7;True;Journal of Gastrointestinal Surgery;whipple procedure
Andersen, Dana K;Dana K Andersen;unknown;2016;unknown;unknown;unknown;unknown;unknown;unknown;https://link.springer.com/article/10.1007/s11605-016-3081-7;True;Journal of Gastrointestinal Surgery;whipple procedure
Kawasaki, Yota;Yota Kawasaki;unknown;2019;unknown;unknown;unknown;unknown;unknown;unknown;https://onlinelibrary.wiley.com/doi/abs/10.1111/ans.15510;True;ANZ journal of surgery;whipple procedure
Maemura, Kosei;Kosei Maemura;unknown;2019;unknown;unknown;unknown;unknown;unknown;unknown;https://onlinelibrary.wiley.com/doi/abs/10.1111/ans.15510;True;ANZ journal of surgery;whipple procedure
Kurahara, Hiroshi;Hiroshi Kurahara;unknown;2019;unknown;unknown;unknown;unknown;unknown;unknown;https://onlinelibrary.wiley.com/doi/abs/10.1111/ans.15510;True;ANZ journal of surgery;whipple procedure
Mataki, Yuko;Yuko Mataki;unknown;2019;unknown;unknown;unknown;unknown;unknown;unknown;https://onlinelibrary.wiley.com/doi/abs/10.1111/ans.15510;True;ANZ journal of surgery;whipple procedure
Iino, Satoshi;Satoshi Iino;unknown;2019;unknown;unknown;unknown;unknown;unknown;unknown;https://onlinelibrary.wiley.com/doi/abs/10.1111/ans.15510;True;ANZ journal of surgery;whipple procedure
Sakoda, Masahiko;Masahiko Sakoda;unknown;2019;unknown;unknown;unknown;unknown;unknown;unknown;https://onlinelibrary.wiley.com/doi/abs/10.1111/ans.15510;True;ANZ journal of surgery;whipple procedure
Shinchi, Hiroyuki;Hiroyuki Shinchi;unknown;2019;unknown;unknown;unknown;unknown;unknown;unknown;https://onlinelibrary.wiley.com/doi/abs/10.1111/ans.15510;True;ANZ journal of surgery;whipple procedure
Natsugoe, Shoji;Shoji Natsugoe;unknown;2019;unknown;unknown;unknown;unknown;unknown;unknown;https://onlinelibrary.wiley.com/doi/abs/10.1111/ans.15510;True;ANZ journal of surgery;whipple procedure
Magdy, Mahdy M;Mahdy M Magdy;unknown;2019;unknown;unknown;unknown;unknown;unknown;unknown;http://jcmrp.eg.net/article.asp?issn=2357-0121;year=2019;volume=4;issue=2;spage=137;epage=143;aulast=Magdy;True;Journal of Current Medical Research and Practice;whipple procedure
Osama, Ibraheim A;Ibraheim A Osama;unknown;2019;unknown;unknown;unknown;unknown;unknown;unknown;http://jcmrp.eg.net/article.asp?issn=2357-0121;year=2019;volume=4;issue=2;spage=137;epage=143;aulast=Magdy;True;Journal of Current Medical Research and Practice;whipple procedure
Jehan, Sayed A;Sayed A Jehan;unknown;2019;unknown;unknown;unknown;unknown;unknown;unknown;http://jcmrp.eg.net/article.asp?issn=2357-0121;year=2019;volume=4;issue=2;spage=137;epage=143;aulast=Magdy;True;Journal of Current Medical Research and Practice;whipple procedure
Mostafa, Abbas S;Abbas S Mostafa;unknown;2019;unknown;unknown;unknown;unknown;unknown;unknown;http://jcmrp.eg.net/article.asp?issn=2357-0121;year=2019;volume=4;issue=2;spage=137;epage=143;aulast=Magdy;True;Journal of Current Medical Research and Practice;whipple procedure
Courtin-Tanguy, Laetitia;Laetitia Courtin-Tanguy;unknown;2017;unknown;unknown;unknown;unknown;unknown;unknown;https://www.ncbi.nlm.nih.gov/pubmed/27457259;True;Surgery;whipple procedure
Merdrignac, Aude;Aude Merdrignac;unknown;2017;unknown;unknown;unknown;unknown;unknown;unknown;https://www.ncbi.nlm.nih.gov/pubmed/27457259;True;Surgery;whipple procedure
Meunier, Bernard;Bernard Meunier;unknown;2017;unknown;unknown;unknown;unknown;unknown;unknown;https://www.ncbi.nlm.nih.gov/pubmed/27457259;True;Surgery;whipple procedure
Sulpice, Laurent;Laurent Sulpice;unknown;2017;unknown;unknown;unknown;unknown;unknown;unknown;https://www.ncbi.nlm.nih.gov/pubmed/27457259;True;Surgery;whipple procedure
Samlowski, Erika;Erika Samlowski;unknown;2019;unknown;unknown;unknown;unknown;unknown;unknown;https://journals.lww.com/acgcr/Fulltext/2019/11000/Catastrophic_Bleeding_From_Gastroduodenal_Artery.13.aspx;True;ACG Case Reports Journal;whipple procedure
Okwuosa, Chris;Chris Okwuosa;unknown;2019;unknown;unknown;unknown;unknown;unknown;unknown;https://journals.lww.com/acgcr/Fulltext/2019/11000/Catastrophic_Bleeding_From_Gastroduodenal_Artery.13.aspx;True;ACG Case Reports Journal;whipple procedure
Tashjian, Nara;Nara Tashjian;unknown;2019;unknown;unknown;unknown;unknown;unknown;unknown;https://journals.lww.com/acgcr/Fulltext/2019/11000/Catastrophic_Bleeding_From_Gastroduodenal_Artery.13.aspx;True;ACG Case Reports Journal;whipple procedure
Wagner, Michel;Michel Wagner;unknown;2019;unknown;unknown;unknown;unknown;unknown;unknown;https://journals.lww.com/acgcr/Fulltext/2019/11000/Catastrophic_Bleeding_From_Gastroduodenal_Artery.13.aspx;True;ACG Case Reports Journal;whipple procedure
Smith, Erik B;Erik B Smith;unknown;2019;unknown;unknown;unknown;unknown;unknown;unknown;https://cdn.journals.lww.com/aacr/FullText/2019/10150/Pancreaticoduodenectomy__Whipple_Procedure__in_a.5.aspx;True;A\&A Practice;whipple procedure
Hardart, Richard;Richard Hardart;unknown;2019;unknown;unknown;unknown;unknown;unknown;unknown;https://cdn.journals.lww.com/aacr/FullText/2019/10150/Pancreaticoduodenectomy__Whipple_Procedure__in_a.5.aspx;True;A\&A Practice;whipple procedure
Dilek, Osman N;Osman N Dilek;unknown;2018;unknown;unknown;unknown;unknown;unknown;unknown;https://www.ncbi.nlm.nih.gov/pmc/articles/PMC6024055/;True;Euroasian journal of hepato-gastroenterology;whipple procedure
Ozsay, Oguzhan;Oguzhan Ozsay;unknown;2018;unknown;unknown;unknown;unknown;unknown;unknown;https://www.ncbi.nlm.nih.gov/pmc/articles/PMC6024055/;True;Euroasian journal of hepato-gastroenterology;whipple procedure
Karaisli, Serkan;Serkan Karaisli;unknown;2018;unknown;unknown;unknown;unknown;unknown;unknown;https://www.ncbi.nlm.nih.gov/pmc/articles/PMC6024055/;True;Euroasian journal of hepato-gastroenterology;whipple procedure
G{\"u}r, Emine {\"O};Emine {\"O} G{\"u}r;unknown;2018;unknown;unknown;unknown;unknown;unknown;unknown;https://www.ncbi.nlm.nih.gov/pmc/articles/PMC6024055/;True;Euroasian journal of hepato-gastroenterology;whipple procedure
Er, Ahmet;Ahmet Er;unknown;2018;unknown;unknown;unknown;unknown;unknown;unknown;https://www.ncbi.nlm.nih.gov/pmc/articles/PMC6024055/;True;Euroasian journal of hepato-gastroenterology;whipple procedure
Haciyanli, Selda G;Selda G Haciyanli;unknown;2018;unknown;unknown;unknown;unknown;unknown;unknown;https://www.ncbi.nlm.nih.gov/pmc/articles/PMC6024055/;True;Euroasian journal of hepato-gastroenterology;whipple procedure
Kar, Haldun;Haldun Kar;unknown;2018;unknown;unknown;unknown;unknown;unknown;unknown;https://www.ncbi.nlm.nih.gov/pmc/articles/PMC6024055/;True;Euroasian journal of hepato-gastroenterology;whipple procedure
Dilek, Fatma H;Fatma H Dilek;unknown;2018;unknown;unknown;unknown;unknown;unknown;unknown;https://www.ncbi.nlm.nih.gov/pmc/articles/PMC6024055/;True;Euroasian journal of hepato-gastroenterology;whipple procedure
Dilek, Osman Nuri;Osman Nuri Dilek;unknown;2019;unknown;unknown;unknown;unknown;unknown;unknown;https://www.ncbi.nlm.nih.gov/pmc/articles/PMC6796072/;True;Turkish Journal of Surgery;whipple procedure
{\"O}z{\c{s}}ay, O{\u{g}}uzhan;O{\u{g}}uzhan {\"O}z{\c{s}}ay;unknown;2019;unknown;unknown;unknown;unknown;unknown;unknown;https://www.ncbi.nlm.nih.gov/pmc/articles/PMC6796072/;True;Turkish Journal of Surgery;whipple procedure
Acar, Turan;Turan Acar;unknown;2019;unknown;unknown;unknown;unknown;unknown;unknown;https://www.ncbi.nlm.nih.gov/pmc/articles/PMC6796072/;True;Turkish Journal of Surgery;whipple procedure
G{\"u}r, Emine {\"O}zlem;Emine {\"O}zlem G{\"u}r;unknown;2019;unknown;unknown;unknown;unknown;unknown;unknown;https://www.ncbi.nlm.nih.gov/pmc/articles/PMC6796072/;True;Turkish Journal of Surgery;whipple procedure
{\c{C}}elik, Salih Can;Salih Can {\c{C}}elik;unknown;2019;unknown;unknown;unknown;unknown;unknown;unknown;https://www.ncbi.nlm.nih.gov/pmc/articles/PMC6796072/;True;Turkish Journal of Surgery;whipple procedure
Cengiz, Fevzi;Fevzi Cengiz;unknown;2019;unknown;unknown;unknown;unknown;unknown;unknown;https://www.ncbi.nlm.nih.gov/pmc/articles/PMC6796072/;True;Turkish Journal of Surgery;whipple procedure
Cin, Nejat;Nejat Cin;unknown;2019;unknown;unknown;unknown;unknown;unknown;unknown;https://www.ncbi.nlm.nih.gov/pmc/articles/PMC6796072/;True;Turkish Journal of Surgery;whipple procedure
Hac{\i}yanl{\i}, Mehmet;Mehmet Hac{\i}yanl{\i};unknown;2019;unknown;unknown;unknown;unknown;unknown;unknown;https://www.ncbi.nlm.nih.gov/pmc/articles/PMC6796072/;True;Turkish Journal of Surgery;whipple procedure
Amin, M Umar;M Umar Amin;unknown;2016;unknown;unknown;unknown;unknown;unknown;unknown;http://www.pakjr.com/ojs/index.php/PJR/article/view/165;True;PJR;whipple procedure
Nazir, Rashed;Rashed Nazir;unknown;2016;unknown;unknown;unknown;unknown;unknown;unknown;http://www.pakjr.com/ojs/index.php/PJR/article/view/165;True;PJR;whipple procedure
Spanheimer, Philip M;Philip M Spanheimer;unknown;2017;unknown;unknown;unknown;unknown;unknown;unknown;https://link.springer.com/chapter/10.1007/978-3-319-44797-1_113;True;unknown;whipple procedure
Zong, Yan;Yan Zong;unknown;2017;unknown;unknown;unknown;unknown;unknown;unknown;http://wprim.whocc.org.cn/admin/article/articleDetail?WPRIMID=512468&articleId=512468;True;International Journal of Surgery;whipple procedure
Zhao, Zhanqiang;Zhanqiang Zhao;unknown;2017;unknown;unknown;unknown;unknown;unknown;unknown;http://wprim.whocc.org.cn/admin/article/articleDetail?WPRIMID=512468&articleId=512468;True;International Journal of Surgery;whipple procedure
Tan, Hongtao;Hongtao Tan;unknown;2017;unknown;unknown;unknown;unknown;unknown;unknown;http://wprim.whocc.org.cn/admin/article/articleDetail?WPRIMID=512468&articleId=512468;True;International Journal of Surgery;whipple procedure
Liu, Jie;Jie Liu;unknown;2017;unknown;unknown;unknown;unknown;unknown;unknown;http://wprim.whocc.org.cn/admin/article/articleDetail?WPRIMID=512468&articleId=512468;True;International Journal of Surgery;whipple procedure
Linfeng, WU;WU Linfeng;unknown;2017;unknown;unknown;unknown;unknown;unknown;unknown;http://wprim.whocc.org.cn/admin/article/articleDetail?WPRIMID=512468&articleId=512468;False;International Journal of Surgery;whipple procedure
Sun, Bei;Bei Sun;unknown;2017;unknown;unknown;unknown;unknown;unknown;unknown;http://wprim.whocc.org.cn/admin/article/articleDetail?WPRIMID=512468&articleId=512468;True;International Journal of Surgery;whipple procedure
Jiang, Hongchi;Hongchi Jiang;unknown;2017;unknown;unknown;unknown;unknown;unknown;unknown;http://wprim.whocc.org.cn/admin/article/articleDetail?WPRIMID=512468&articleId=512468;True;International Journal of Surgery;whipple procedure
Sofia, Xenaki;Xenaki Sofia;unknown;2017;unknown;unknown;unknown;unknown;unknown;unknown;https://www.researchgate.net/profile/Sofia_Xenaki/publication/320583672_REVIEW_ARTICLE_Omental_Roll_up_Technique_in_Pancreaticojejunostomy_In_Whipple_Traverso_Procedure_Decreases_the_Formation_of_Pancreatic_Fistula-A_Prospective_Consecutive_Case_Series/links/59eed84d0f7e9b369575bd67/REVIEW-ARTICLE-Omental-Roll-up-Technique-in-Pancreaticojejunostomy-In-Whipple-Traverso-Procedure-Decreases-the-Formation-of-Pancreatic-Fistula-A-Prospective-Consecutive-Case-Series.pdf;True;JOP. J Pancreas (Online);whipple procedure
Alexandros, Andreou;Andreou Alexandros;unknown;2017;unknown;unknown;unknown;unknown;unknown;unknown;https://www.researchgate.net/profile/Sofia_Xenaki/publication/320583672_REVIEW_ARTICLE_Omental_Roll_up_Technique_in_Pancreaticojejunostomy_In_Whipple_Traverso_Procedure_Decreases_the_Formation_of_Pancreatic_Fistula-A_Prospective_Consecutive_Case_Series/links/59eed84d0f7e9b369575bd67/REVIEW-ARTICLE-Omental-Roll-up-Technique-in-Pancreaticojejunostomy-In-Whipple-Traverso-Procedure-Decreases-the-Formation-of-Pancreatic-Fistula-A-Prospective-Consecutive-Case-Series.pdf;True;JOP. J Pancreas (Online);whipple procedure
Elias, Athanasakis;Athanasakis Elias;unknown;2017;unknown;unknown;unknown;unknown;unknown;unknown;https://www.researchgate.net/profile/Sofia_Xenaki/publication/320583672_REVIEW_ARTICLE_Omental_Roll_up_Technique_in_Pancreaticojejunostomy_In_Whipple_Traverso_Procedure_Decreases_the_Formation_of_Pancreatic_Fistula-A_Prospective_Consecutive_Case_Series/links/59eed84d0f7e9b369575bd67/REVIEW-ARTICLE-Omental-Roll-up-Technique-in-Pancreaticojejunostomy-In-Whipple-Traverso-Procedure-Decreases-the-Formation-of-Pancreatic-Fistula-A-Prospective-Consecutive-Case-Series.pdf;True;JOP. J Pancreas (Online);whipple procedure
Anna, Daskalaki;Daskalaki Anna;unknown;2017;unknown;unknown;unknown;unknown;unknown;unknown;https://www.researchgate.net/profile/Sofia_Xenaki/publication/320583672_REVIEW_ARTICLE_Omental_Roll_up_Technique_in_Pancreaticojejunostomy_In_Whipple_Traverso_Procedure_Decreases_the_Formation_of_Pancreatic_Fistula-A_Prospective_Consecutive_Case_Series/links/59eed84d0f7e9b369575bd67/REVIEW-ARTICLE-Omental-Roll-up-Technique-in-Pancreaticojejunostomy-In-Whipple-Traverso-Procedure-Decreases-the-Formation-of-Pancreatic-Fistula-A-Prospective-Consecutive-Case-Series.pdf;True;JOP. J Pancreas (Online);whipple procedure
George, Chalkiadakis;Chalkiadakis George;unknown;2017;unknown;unknown;unknown;unknown;unknown;unknown;https://www.researchgate.net/profile/Sofia_Xenaki/publication/320583672_REVIEW_ARTICLE_Omental_Roll_up_Technique_in_Pancreaticojejunostomy_In_Whipple_Traverso_Procedure_Decreases_the_Formation_of_Pancreatic_Fistula-A_Prospective_Consecutive_Case_Series/links/59eed84d0f7e9b369575bd67/REVIEW-ARTICLE-Omental-Roll-up-Technique-in-Pancreaticojejunostomy-In-Whipple-Traverso-Procedure-Decreases-the-Formation-of-Pancreatic-Fistula-A-Prospective-Consecutive-Case-Series.pdf;True;JOP. J Pancreas (Online);whipple procedure
Emmanuel, Chrysos;Chrysos Emmanuel;unknown;2017;unknown;unknown;unknown;unknown;unknown;unknown;https://www.researchgate.net/profile/Sofia_Xenaki/publication/320583672_REVIEW_ARTICLE_Omental_Roll_up_Technique_in_Pancreaticojejunostomy_In_Whipple_Traverso_Procedure_Decreases_the_Formation_of_Pancreatic_Fistula-A_Prospective_Consecutive_Case_Series/links/59eed84d0f7e9b369575bd67/REVIEW-ARTICLE-Omental-Roll-up-Technique-in-Pancreaticojejunostomy-In-Whipple-Traverso-Procedure-Decreases-the-Formation-of-Pancreatic-Fistula-A-Prospective-Consecutive-Case-Series.pdf;True;JOP. J Pancreas (Online);whipple procedure
Peluso, Heather;Heather Peluso;unknown;2017;unknown;unknown;unknown;unknown;unknown;unknown;https://journals.lww.com/ajg/Fulltext/2017/10001/The_Incidence,_Risk_Factors_and_Impact_of_30_Day.46.aspx;True;American Journal of Gastroenterology;whipple procedure
Abougergi, Marwan;Marwan Abougergi;unknown;2017;unknown;unknown;unknown;unknown;unknown;unknown;https://journals.lww.com/ajg/Fulltext/2017/10001/The_Incidence,_Risk_Factors_and_Impact_of_30_Day.46.aspx;True;American Journal of Gastroenterology;whipple procedure
Mrad, Chebli;Chebli Mrad;unknown;2017;unknown;unknown;unknown;unknown;unknown;unknown;https://journals.lww.com/ajg/Fulltext/2017/10001/The_Incidence,_Risk_Factors_and_Impact_of_30_Day.46.aspx;True;American Journal of Gastroenterology;whipple procedure
Jones, Wesley;Wesley Jones;unknown;2017;unknown;unknown;unknown;unknown;unknown;unknown;https://journals.lww.com/ajg/Fulltext/2017/10001/The_Incidence,_Risk_Factors_and_Impact_of_30_Day.46.aspx;True;American Journal of Gastroenterology;whipple procedure
